{
    "files": {
        "profile": "HgcA_201_hmm", 
        "phylo_model": "phylo_modelneSMle.json", 
        "taxonomy": "taxa.csv", 
        "tree": "treeqZKF1S.tre", 
        "aln_fasta": "aa_201bp_ref_alignment.fasta", 
        "seq_info": "seq_info.csv", 
        "aln_sto": "aa_201bp_ref_alignment_stockholm.stockholm", 
        "tree_stats": "RAxML_info.HgcA_201_ref_maxlike_100_redo"
    }, 
    "rollback": {
        "files": {
            "profile": "HgcA_201_hmm", 
            "phylo_model": "phylo_modelneSMle.json", 
            "taxonomy": "taxa.csv", 
            "tree": "RAxML_rooted_maxlike_201bp_consensus_150bs", 
            "aln_fasta": "aa_201bp_ref_alignment.fasta", 
            "seq_info": "seq_info.csv", 
            "aln_sto": "aa_201bp_ref_alignment_stockholm.stockholm", 
            "tree_stats": "RAxML_info.HgcA_201_ref_maxlike_100_redo"
        }, 
        "rollback": null, 
        "metadata": {
            "create_date": "2018-07-18 10:42:50", 
            "format_version": "1.1", 
            "locus": "HgcA_aa"
        }, 
        "md5": {
            "profile": "456b77c61cd2f29db5f7636e99acef1b", 
            "phylo_model": "d9a3e1c367b8fca8c0dea5942b210a1c", 
            "taxonomy": "e045b884565966e582c634bd353e3891", 
            "tree": "21354387e8e1717c1039c8bf32cc14c0", 
            "aln_fasta": "d807d0746ddf5d15bd6633f4b2b35d42", 
            "seq_info": "13d9555621177865437086ec033dda96", 
            "aln_sto": "f98f41e4e8ef688ab764cc9b250b70d5", 
            "tree_stats": "6a10c2bdc4ec1d5a72b5c2739d066f0d"
        }
    }, 
    "log": [
        "Rerooted", 
        "Stripped refpkg (removed 0 files)", 
        "Loaded initial files into empty refpkg"
    ], 
    "metadata": {
        "create_date": "2018-07-18 10:42:50", 
        "format_version": "1.1", 
        "locus": "HgcA_aa"
    }, 
    "rollforward": null, 
    "md5": {
        "profile": "456b77c61cd2f29db5f7636e99acef1b", 
        "phylo_model": "d9a3e1c367b8fca8c0dea5942b210a1c", 
        "taxonomy": "e045b884565966e582c634bd353e3891", 
        "tree": "7b0c36edd0c0145380d883a780ef779b", 
        "aln_fasta": "d807d0746ddf5d15bd6633f4b2b35d42", 
        "seq_info": "13d9555621177865437086ec033dda96", 
        "aln_sto": "f98f41e4e8ef688ab764cc9b250b70d5", 
        "tree_stats": "6a10c2bdc4ec1d5a72b5c2739d066f0d"
    }
}
