seqname,tax_id,species_name,,
Candidatus_Omnitrophica_bacterium_CG1_02_41_171_Omnitrophica,1805285,Candidatus Omnitrophica bacterium CG1_02_41_171,,
Acetivibrio_cellulolyticus_CD2_DSM_1870_Firmicutes-Clostridia,35830,Acetivibrio cellulolyticus, ,
Acetonema_longum_DSM_6540_Firmicutes-Clostridia,2374,Acetonema longum,,
Alkaliphilus_peptidifermentans_DSM_18978_Firmicutes-Clostridia,426129,Alkaliphilus peptidifermentans,,
Anaerolineae_bacterium_CG_4_9_14_0_8_Chloroflexi,2052143,Anaerolineae bacterium,,
Bacteria_ferrireducans_S3R1_Deltaproteobacteria,1035120,Deferrisoma camini,,
Bacteroides_cellulosolvens_DSM_2933_Bacteroidetes,35825,Pseudobacteroides cellulosolvens,,
Bacteroides_cellulosolvens_DSM_2933_Bacteroidetes,35825,Pseudobacteroides cellulosolvens,,
Bacteroides_sp._SM1_62_Bacteroidetes,1703351,Bacteroides sp. SM1_62,,
Bacteroides_sp._SM23_62_Bacteroidetes,1703353,Bacteroides sp. SM23_62_1,,
Bacteroidetes_bacterium_GWA2_32_17_Bacteroidetes,1797316,Bacteroidetes bacterium GWA2_32_17,,
Bacteroidetes_bacterium_GWF2_35_48_Bacteroidetes,1797343,Bacteroidetes bacterium GWF2_35_48,,
Bacteroidetes_bacterium_RIFOXYA12_FULL_35_11_Bacteroidetes,1797367,Bacteroidetes bacterium RIFOXYA12_FULL_35_11,,
Bacteroidetes_bacterium_RIFOXYC12_FULL_35_7_Bacteroidetes,1797374,Bacteroidetes bacterium RIFOXYC12_FULL_35_7,,
Bdellovibrionales_bacterium_GWB1_55_8_Deltaproteobacteria,1797386,Bdellovibrionales bacterium GWB1_55_8,,
Bdellovibrionales_bacterium_RIFOXYB1_FULL_39_21_Deltaproteobacteria,1797406,Bdellovibrionales bacterium RIFOXYB1_FULL_39_21,,
Bdellovibrionales_bacterium_RIFOXYC1_FULL_39_130_Deltaproteobacteria,1797398,Bdellovibrionales bacterium RIFOXYC12_FULL_39_17,,
Bdellovibrionales_bacterium_RIFOXYC1_FULL_54_43_Deltaproteobacteria,1797396,Bdellovibrionales bacterium RIFOXYC1_FULL_39_130,,
Bdellovibrionales_bacterium_RIFOXYC12_FULL_39_17_Deltaproteobacteria,1797397,Bdellovibrionales bacterium RIFOXYC1_FULL_54_43,,
Bdellovibrionales_bacterium_RIFOXYD12_FULL_39_22_Deltaproteobacteria,1797405,Bdellovibrionales bacterium RIFOXYD12_FULL_39_22,,
candidate_division_KSB1_bacterium_RBG_16_48_16_candidate_division_KSB1,1798559,candidate division KSB1 bacterium RBG_16_48_16,,
candidate_division_OP8_bacterium_SCGC_AAA252-A02_Aminicenantes,1047013,Aminicenantes bacterium SCGC AAA252-A02,,
candidate_division_OP8_bacterium_SCGC_AAA252-F08_Aminicenantes,1047018,Aminicenantes bacterium SCGC AAA252-F08,,
candidate_division_OP8_bacterium_SCGC_AAA252-G05_Aminicenantes,910041,Aminicenantes bacterium SCGC AAA252-G05,,
candidate_division_OP8_bacterium_SCGC_AAA252-G06_Aminicenantes,1047020,Aminicenantes bacterium SCGC AAA252-G06,,
candidate_division_OP8_bacterium_SCGC_AAA252-J09_Aminicenantes,1047023,Aminicenantes bacterium SCGC AAA252-J09,,
candidate_division_OP8_bacterium_SCGC_AAA252-J21_Aminicenantes,1047025,Aminicenantes bacterium SCGC AAA252-J21,,
candidate_division_OP8_bacterium_SCGC_AAA252-K07_Aminicenantes,1047026,Aminicenantes bacterium SCGC AAA252-K07,,
candidate_division_OP8_bacterium_SCGC_AAA252-O09_Aminicenantes,1047032,Aminicenantes bacterium SCGC AAA252-O09,,
candidate_division_OP8_bacterium_SCGC_AAA252-O19_Aminicenantes,1047035,Aminicenantes bacterium SCGC AAA252-O19,,
candidate_division_OP8_bacterium_SCGC_AAA252-P13_Aminicenantes,1047036,Aminicenantes bacterium SCGC AAA252-P13,,
candidate_division_OP8_bacterium_SCGC_AAA252-P19_Aminicenantes,1047037,Aminicenantes bacterium SCGC AAA252-P19,,
candidate_division_OP8_bacterium_SCGC_AAA255-O15_Aminicenantes,1047045,Aminicenantes bacterium SCGC AAA255-O15,,
candidate_division_OP9_bacterium_SCGC_AAA252-M02_Atribacteria,913317,Atribacteria bacterium SCGC AAA252-M02,,
candidate_division_OP9_bacterium_SCGC_AAA252-M02_Atribacteria,913317,Atribacteria bacterium SCGC AAA252-M02,,
candidate_division_OP9_bacterium_SCGC_AAA255-N14_Atribacteria,1047052,Atribacteria bacterium SCGC AAA255-N14,,
candidate_division_OP9_bacterium_SCGC_AB-164-L03_Atribacteria,1104595,Atribacteria bacterium SCGC AB-164-L03,,
candidate_division_OP9_bacterium_SCGC_AB-164-P05_Atribacteria,1104597,Atribacteria bacterium SCGC AB-164-P05,,
candidate_division_WOR-1_bacterium_RIFOXYA2_FULL_41_14_candidate_division_WOR-1,1802570,candidate_division_WOR-1_bacterium_RIFOXYA2_FULL_41_14,, 
candidate_division_WOR-1_bacterium_RIFOXYA2_FULL_46_56_candidate,1802574,candidate division WOR-1 bacterium RIFOXYA2_FULL_46_56,,
candidate_division_WOR-1_bacterium_RIFOXYA12_FULL_43_27_candidate_division_WOR-1,1802575,candidate division WOR-1 bacterium RIFOXYA12_FULL_43_27,,
candidate_division_WOR-1_bacterium_RIFOXYB2_FULL_42_35_candidate,1802580,candidate division WOR-1 bacterium RIFOXYB2_FULL_42_35,,
candidate_division_WOR-1_bacterium_RIFOXYB2_FULL_46_45_candidate_division_WOR-1,1802582,candidate division WOR-1 bacterium RIFOXYB2_FULL_46_45,,
candidate_division_WOR-1_bacterium_RIFOXYC2_FULL_46_14_candidate_division_WOR-1,1802587,candidate division WOR-1 bacterium RIFOXYC2_FULL_46_14,,
candidate_division_WOR_3_bacterium_SM23_42_candidate_division_WOR-3,1703779,candidate division WOR_3 bacterium SM23_42,,
Candidatus_Aminicenantes_bacterium_RBG_13_59_9_Aminicenantes,1797268,Candidatus Aminicenantes bacterium RBG_13_59_9,,
Candidatus_Bathyarchaeota_archaeon_RBG_13_38_9_2_Bathyarchaeota,1797377,Candidatus Bathyarchaeota archaeon RBG_13_38_9,,
Candidatus_Desulfuromonas_soudanensis_WTL_Deltaproteobacteria,1603606,Desulfuromonas soudanensis,,
Candidatus_Firestonebacteria_bacterium_RIFOXYA2_FULL_40_8_2713315861_Firestonebacteria,1817859,Candidatus Firestonebacteria bacterium RIFOXYA2_FULL_40_8,,
Candidatus_Marispirochaeta_associata_strain_JC231_Spirochaetes,1560235,Candidatus Marispirochaeta associata,,
Candidatus_Methanoregula_boonei_6A8_Methanomicrobia,358766,Methanoregula boonei,,
Candidatus_Methanosphaerula_palustris_E1-9c_Methanomicrobia,475088,Methanosphaerula palustris,,
Candidatus_Raymondbacteria_bacterium_RifOxyA12_full_50_37_Raymondbacteria,817884,Candidatus Raymondbacteria bacterium RifOxyA12_full_50_37,,
Candidatus_Raymondbacteria_bacterium_RIFOXYA2_FULL_49_16_Raymondbacteria,1817885,Candidatus Raymondbacteria bacterium RIFOXYA2_FULL_49_16,,
Candidatus_Raymondbacteria_bacterium_RifOxyB12_full_50_8_Raymondbacteria,1817886,Candidatus Raymondbacteria bacterium RifOxyB12_full_50_8,,
Candidatus_Raymondbacteria_bacterium_RIFOXYB2_FULL_49_35_Raymondbacteria,1817887,Candidatus Raymondbacteria bacterium RIFOXYB2_FULL_49_35,,
Candidatus_Raymondbacteria_bacterium_RifOxyC12_full_50_8_Raymondbacteria,1817888,Candidatus Raymondbacteria bacterium RifOxyC12_full_50_8,,
Candidatus_Raymondbacteria_bacterium_RIFOXYD12_FULL_49_13_Raymondbacteria,1817890,Candidatus Raymondbacteria bacterium RIFOXYD12_FULL_49_13,,
Candidatus_Wallbacteria_bacterium_GWC2_49_35_Wallibacteria,1817813,Candidatus Wallbacteria bacterium GWC2_49_35,,
Chloroflexi_bacterium_RIFOXYD12_FULL_57_15_Chloroflexi,1797675,Chloroflexi bacterium RIFOXYD12_FULL_57_15,,
Clostridium_cellobioparum_ATCC_15832_Firmicutes-Clostridia,1121303,[Clostridium] cellobioparum,,
Clostridium_cellulosi_CS-4-4_Firmicutes-Clostridia,1367212,[Clostridium] cellulosi,,
clostridium_Ga0073690_Firmicutes-Clostridia,1485,Clostridium,,
Clostridium_jejuense_DSM_15929_Firmicutes-Clostridia,259063,Anaerocolumna jejuensis,,
Clostridium_litorale_DSM_5388_Firmicutes-Clostridia,1557,Peptoclostridium litorale,,
Clostridium_litorale_W6_DSM_5388_Firmicutes-Clostridia,1557,Peptoclostridium litorale,,
Clostridium_sp._3_Draft_3__Firmicutes-Clostridia,1485,Clostridium,,
Clostridium_termitidis_CT1112_DSM_5398_Firmicutes-Clostridia,29371,[Clostridium] termitidis,,
Clostridium_tunisiense_TJ_Firmicutes-Clostridia,219748,Clostridium tunisiense,,
Clostridium_xylanovorans_DSM_12503_Firmicutes-Clostridia,100134,Anaerocolumna xylanovorans,,
Composite_genome_from_Trout_Bog_Hypolimnion_pan-assembly_TBhypo.metabat.433_unknown,1090,Chlorobi,,
Composite_genome_from_Trout_Bog_Hypolimnion_TBhypo.metabat.3815_unknown,1090,Chlorobi,,
Composite_genome_from_Trout_Bog_TBhypo.metabat.2922.v2_unknown,1090,Chlorobi,,
Composite_genome_from_Trout_Bog_TBhypo.metabat.5247_unknown,1090,Chlorobi,,
Dehalobacter_restrictus_DSM_9455_Firmicutes-Clostridia,55583,Dehalobacter restrictus ,,
Dehalobacter_sp._11DCA_Firmicutes-Clostridia,1147129,Dehalobacter sp. DCA,,
Dehalobacter_sp._CF_Firmicutes-Clostridia,1131462,Dehalobacter sp. CF,,
Dehalobacter_sp._UNSWDHB_Firmicutes-Clostridia,1339256,Dehalobacter sp. UNSWDHB,,
Dehalococcoides_mccartyi_DCMB5_Chloroflexi,61435,Dehalococcoides mccartyi,,
Dehalococcoidia_bacterium_DG_22_Chloroflexi,1703393,Dehalococcoidia bacterium DG_22,,
Dehalococcoidia_bacterium_SCGC_AG-205-B13_Chloroflexi,2012740,Dehalococcoidia bacterium SCGC AG-205-B13,,
Dehalococcoidia_bacterium_SCGC_AG-205-I02_Chloroflexi,2012752,Dehalococcoidia bacterium SCGC AG-205-I02,,
Dehalococcoidia_bacterium_SCGC_AG-205-I13_Chloroflexi,2012756,Dehalococcoidia bacterium SCGC AG-205-I13,,
Dehalococcoidia_bacterium_SCGC_AG-205-K13_Chloroflexi,2012760,Dehalococcoidia bacterium SCGC AG-205-K13,,
Dehalococcoidia_bacterium_SCGC_AG-205-M10_Chloroflexi,2012765,Dehalococcoidia bacterium SCGC AG-205-M10,,
Dehalococcoidia_bacterium_SCGC_AG-205-M21_Chloroflexi,2012768,Dehalococcoidia bacterium SCGC AG-205-M21,,
Dehalococcoidia_bacterium_SCGC_AG-205-M21_Chloroflexi,2012768,Dehalococcoidia bacterium SCGC AG-205-M21,,
delta_proteobacterium_MLMS-1_Deltaproteobacteria,262489,delta proteobacterium MLMS-1,,
Delta_proteobacterium_NaphS2_Deltaproteobacteria,88274,delta proteobacterium NaphS2,,
delta_proteobacterium_PSCGC_5419_Deltaproteobacteria,1286377,delta proteobacterium PSCGC 5419,,
delta_proteobacterium_PSCGC_5451_Deltaproteobacteria,1286376,delta proteobacterium PSCGC 5451,,
Deltaproteobacteria_bacterium_GWA2_55_10_Deltaproteobacteria,1797809,Deltaproteobacteria bacterium GWA2_55_10,,
Deltaproteobacteria_bacterium_isolate_ARS66_Deltaproteobacteria,2026735,Deltaproteobacteria bacterium,,
Deltaproteobacteria_bacterium_isolate_NP36_76525_Deltaproteobacteria,2026735,Deltaproteobacteria bacterium,,
Deltaproteobacteria_bacterium_isolate_NP36_Deltaproteobacteria,2026735,Deltaproteobacteria bacterium,,
Deltaproteobacteria_bacterium_isolate_SP3084_Deltaproteobacteria,2026735,Deltaproteobacteria bacterium,,
Deltaproteobacteria_bacterium_JGI_A06048-F13_Deltaproteobacteria,1382363,Deltaproteobacteria bacterium JGI A06048-F13,,
Deltaproteobacteria_bacterium_JGI_E06040-H20__Deltaproteobacteria,1382365,Deltaproteobacteria bacterium JGI E06040-H20,,
Deltaproteobacteria_bacterium_RBG_16_44_11_Deltaproteobacteria,1797837,Deltaproteobacteria bacterium RBG_16_44_11,,
Deltaproteobacteria_bacterium_RBG_16_58_17_Deltaproteobacteria,1797845,Deltaproteobacteria bacterium RBG_16_58_17,,
Deltaproteobacteria_bacterium_RBG_19FT_COMBO_43_11_Deltaproteobacteria,1797849,Deltaproteobacteria bacterium RBG_19FT_COMBO_43_11,,
Deltaproteobacteria_bacterium_RIFCSPHIGHO2_02_FULL_42_44_Deltaproteobacteria,1797860,Deltaproteobacteria bacterium RIFCSPHIGHO2_02_FULL_42_44,,
Deltaproteobacteria_bacterium_RIFCSPHIGHO2_02_FULL_43_33_Deltaproteobacteria,1797861,Deltaproteobacteria bacterium RIFCSPHIGHO2_02_FULL_43_33,,
Deltaproteobacteria_bacterium_RIFCSPLOWO2_01_FULL_42_9_Deltaproteobacteria,1797871,Deltaproteobacteria bacterium RIFCSPLOWO2_01_FULL_42_9,,
Deltaproteobacteria_bacterium_RIFCSPLOWO2_02_FULL_42_39_Deltaproteobacteria,1797876,Deltaproteobacteria bacterium RIFCSPLOWO2_02_FULL_42_39,,
Deltaproteobacteria_bacterium_RIFCSPLOWO2_02_FULL_55_12_Deltaproteobacteria,1797883,Deltaproteobacteria bacterium RIFCSPLOWO2_02_FULL_55_12,,
Deltaproteobacteria_bacterium_RIFCSPLOWO2_12_FULL_43_16_Deltaproteobacteria,1797889,Deltaproteobacteria bacterium RIFCSPLOWO2_12_FULL_43_16,,
Deltaproteobacteria_bacterium_RIFOXYA2_FULL_42_10_Deltaproteobacteria,1797897,Deltaproteobacteria bacterium RIFOXYA2_FULL_42_10,,
Deltaproteobacteria_bacterium_RIFOXYA12_FULL_58_15_Deltaproteobacteria,1797895,Deltaproteobacteria bacterium RIFOXYA12_FULL_58_15,,
Deltaproteobacteria_bacterium_RIFOXYD12_FULL_50_9_Deltaproteobacteria,1797902,Deltaproteobacteria bacterium RIFOXYD12_FULL_50_9,,
Deltaproteobacteria_bacterium_RIFOXYD12_FULL_53_23_Deltaproteobacteria,1797903,Deltaproteobacteria bacterium RIFOXYD12_FULL_53_23,,
Deltaproteobacteria_bacterium_RIFOXYD12_FULL_56_24_Deltaproteobacteria,1797905,Deltaproteobacteria bacterium RIFOXYD12_FULL_56_24,,
Deltaproteobacteria_bacterium_RIFOXYD12_FULL_57_12_Deltaproteobacteria,1797906,Deltaproteobacteria bacterium RIFOXYD12_FULL_57_12,,
Deltaproteobacteria_bacterium_SG8_13_Deltaproteobacteria,1703398,Deltaproteobacteria bacterium SG8_13,,
Deltaproteobacteria_bacterium_SM23_61_Deltaproteobacteria,1703399,Deltaproteobacteria bacterium SM23_61,,
Deltaproteobacterium_sp._OalgD1a_Deltaproteobacteria,1329640,Alkalispirochaeta odontotermitis,,
Deltaproteobacterium_sp._OalgD1b_Deltaproteobacteria,2026735,Deltaproteobacteria bacterium,,
Deltaproteobacterium_sp._OalgD3_Deltaproteobacteria,2026735,Deltaproteobacteria bacterium,,
Deltaproteobacterium_sp._OalgD4_Deltaproteobacteria,2026735,Deltaproteobacteria bacterium,,
Desulfacinum_hydrothermale_DSM_13146_Deltaproteobacteria,109258,Desulfacinum hydrothermale ,,
Desulfacinum_infernum_DSM_9756_Deltaproteobacteria,35837,Desulfacinum infernum,,
Desulfarculus_sp._SPR_Deltaproteobacteria,1429043,Dethiosulfatarculus sandiegensis,,
Desulfitobacterium_dehalogenans_JWIU-DC1_ATTC_51507_Firmicutes-Clostridia,36854,Desulfitobacterium dehalogenans,,
Desulfitobacterium_dichloroeliminans_LMG_P21439_Firmicutes-Clostridia,233055,Desulfitobacterium dichloroeliminans,,
Desulfitobacterium_metallireducens_853-15A_DSM_15288_Firmicutes-Clostridia,142877,Desulfitobacterium metallireducens,,
Desulfitobacterium_sp._PCE1_DSM_10344_Firmicutes-Clostridia,146907,Desulfitobacterium sp. PCE1,,
Desulfobacter_sp._isolate_ARS36_Deltaproteobacteria,2289,Desulfobacter,,
Desulfobacterales_bacterium_RIFOXYA12_FULL_46_15_Deltaproteobacteria,1797914,Desulfobacterales bacterium RIFOXYA12_FULL_46_15,,
Desulfobacterales_bacterium_SG8_35_2_Deltaproteobacteria,1703401,Desulfobacterales bacterium SG8_35_2,,
Desulfobacterium_vacuolatum_DSM_3385_Firmicutes-Clostridia,1121400,Desulfobacterium vacuolatum,,
Desulfobacula_phenolica_DSM_3384_Deltaproteobacteria,90732,Desulfobacula phenolica,,
Desulfobacula_sp._TS_Deltaproteobacteria,1232437,Desulfobacula sp. TS,,
Desulfobulbaceae_bacterium_PR2_D12_Deltaproteobacteria,1092813,Desulfobulbaceae bacterium PR2_D12,,
Desulfobulbus_japonicus_DSM_18378_Deltaproteobacteria,231447,Desulfobulbus japonicus,,
Desulfobulbus_mediterraneus_DSM_13871_Deltaproteobacteria,160661,Desulfobulbus mediterraneus,,
Desulfobulbus_propionicus_DSM_2032_Deltaproteobacteria,894,Desulfobulbus propionicus,,
Desulfobulbus_sp._Tol-SR_Deltaproteobacteria,1536652,Desulfobulbus sp. Tol-SR,,
Desulfocarbo_indianensis_SCBM_Deltaproteobacteria,1348163,Desulfocarbo indianensis,,
Desulfococcus_biacutus_KMRActS_Deltaproteobacteria,125602,Desulfococcus biacutus,,
Desulfococcus_multivorans_DSM_2059_Deltaproteobacteria,897,Desulfococcus multivorans,,
Desulfococcus_multivorans_DSM_2059_Deltaproteobacteria,897,Desulfococcus multivorans,,
Desulfocurvus_vexinensis_DSM_17965_Deltaproteobacteria,399548,Desulfocurvus vexinensis,,
Desulfofustis_glycolicus_DSM_9705_Deltaproteobacteria,51195,Desulfofustis glycolicus,,
Desulfoluna_spongiiphila_AA1_Deltaproteobacteria,419481,Desulfoluna spongiiphila,,
Desulfomicrobium_apsheronum_DSM_5918_Deltaproteobacteria,52560,Desulfomicrobium apsheronum,,
Desulfomicrobium_baculatum_DSM_4028_Deltaproteobacteria,899,Desulfomicrobium baculatum,,
Desulfomicrobium_escambiense_DSM_10707_Deltaproteobacteria,29503,Desulfomicrobium escambiense,,
Desulfomicrobium_norvegicum_DSM_1741_Deltaproteobacteria,52561,Desulfomicrobium norvegicum,,
Desulfomonile_sp._Ga0081660_Deltaproteobacteria,2357,Desulfomonile,,
Desulfomonile_tiedjei_DCB-1_DSM_6799_Deltaproteobacteria,2358,Desulfomonile tiedjei,,
Desulfonatronospira_thiodismutans_ASO3-1_Deltaproteobacteria,488939,Desulfonatronospira thiodismutans,,
Desulfonatronovibrio_hydrogenovorans_DSM_9292_Deltaproteobacteria,53245,Desulfonatronovibrio hydrogenovorans,,
Desulfonatronum_lacustre_Z-7951_DSM_10312_Deltaproteobacteria,66849,Desulfonatronum lacustre,,
Desulfonatronum_thioautotrophicum_ASO4-1_Deltaproteobacteria,617001,Desulfonatronum thioautotrophicum,,
Desulfonatronum_thiodismutans_MLF-1_Deltaproteobacteria,159290,Desulfonatronum thiodismutans,,
Desulfonatronum_thiosulfatophilum_ASO4-2_Deltaproteobacteria,617002,Desulfonatronum thiosulfatophilum,,
Desulfonatronum_zhilinae_Al915-01_Deltaproteobacteria,1256678,Desulfonatronum zhilinae,,
Desulfopila_aestuarii_DSM_18488__Deltaproteobacteria,1102,Prosthecochloris aestuarii,,
Desulfosarcina_cetonica_JCM_12296_Deltaproteobacteria,90730,Desulfosarcina cetonica,,
Desulfospira_joergensenii_DSM_10085_Deltaproteobacteria,53329,Desulfospira joergensenii,,
Desulfosporosinus_acididurans_M1_Firmicutes-Clostridia,476652,Desulfosporosinus acididurans,,
Desulfosporosinus_acidophilus_SJ4_DSM_22704_Firmicutes-Clostridia,885581,Desulfosporosinus acidiphilus,,
Desulfosporosinus_lacus_DSM_15449_Firmicutes-Clostridia,329936,Desulfosporosinus lacus,,
Desulfosporosinus_orientis_Singapore_I_DSM_765_Firmicutes-Clostridia,1563,Desulfosporosinus orientis ,,
Desulfosporosinus_sp._I2_Firmicutes-Clostridia,1617025,Desulfosporosinus sp. I2,,
Desulfosporosinus_sp._OT_Firmicutes-Clostridia,913865,Desulfosporosinus sp. OT,,
Desulfosporosinus_sp._Tol-M_Ga0063340_Firmicutes-Clostridia,1536651,Desulfosporosinus sp. Tol-M,,
Desulfosporosinus_youngiae_JWYJL-B18_DSM_17734_Firmicutes-Clostridia,339862,Desulfosporosinus youngiae,,
Desulfotignum_balticum_DSM_7044_Deltaproteobacteria,115781,Desulfotignum balticum,,
Desulfotignum_phosphitoxidans_FiPS-3_Deltaproteobacteria,190898,Desulfotignum phosphitoxidans,,
Desulfotignum_phosphitoxidans_FiPS-3_Deltaproteobacteria,190898,Desulfotignum phosphitoxidans,,
Desulfovibrio_aespoeensis_Aspo-2_chromosome_Deltaproteobacteria,182210,Pseudodesulfovibrio aespoeensis,,
Desulfovibrio_africanus_DSM_2603_2527068623_Deltaproteobacteria,873,Desulfovibrio africanus,,
Desulfovibrio_africanus_PCS_2520045431_Deltaproteobacteria,873,Desulfovibrio africanus,,
Desulfovibrio_africanus_Walvis_Bay_Deltaproteobacteria,873,Desulfovibrio africanus,,
Desulfovibrio_alkalitolerans_DSM_16529_Deltaproteobacteria,293256,Desulfovibrio alkalitolerans,,
Desulfovibrio_alkalitolerans_DSM_16529_Deltaproteobacteria,293256,Desulfovibrio alkalitolerans,,
Desulfovibrio_bizertensis_DSM_18034_Deltaproteobacteria,376490,Desulfovibrio bizertensis,,
Desulfovibrio_desulfuricans_ND132_Deltaproteobacteria,876,Desulfovibrio desulfuricans,,
Desulfovibrio_halophilus_DSM_5663_Deltaproteobacteria,5629,Desulfovibrio halophilus,,
Desulfovibrio_inopinatus_DSM_10711_Deltaproteobacteria,102109,Desulfovibrio inopinatus,,
Desulfovibrio_longus_DSM_6739_Deltaproteobacteria,889,Desulfovibrio longus,,
Desulfovibrio_oxyclinae_DSM_11498_Deltaproteobacteria,63560,Desulfovibrio oxyclinae ,,
Desulfovibrio_putealis_DSM_16056_Deltaproteobacteria,270496,Desulfovibrio putealis,,
Desulfovibrio_sp._isolate_SP109_91617_Deltaproteobacteria,885,Desulfovibrio sp.,,
Desulfovibrio_sp._J2_Deltaproteobacteria,1716143,Pseudodesulfovibrio indicus,,
Desulfovibrio_sp._L21-Syr-AB_Deltaproteobacteria,885,Desulfovibrio sp.,,
Desulfovibrio_sp._X2_Deltaproteobacteria,941449,Desulfovibrio sp. X2,,
Desulfuromonadales_bacterium_GWC2_61_20_Deltaproteobacteria,1797916,Desulfuromonadales bacterium GWC2_61_20,,
Desulfuromonas_sp._DDH964_Deltaproteobacteria,1823759,Desulfuromonas sp. DDH964,,
Desulfuromonas_sp._WTL_Deltaproteobacteria,1603606,Desulfuromonas soudanensis,,
Dethiobacter_alkaliphilus_AHT_1_Firmicutes-Clostridia,555088,Dethiobacter alkaliphilus AHT 1,,
Elusimicrobia_bacterium_GWA2_64_40_Elusimicrobia,1797925,Elusimicrobia bacterium GWA2_64_40,,
Elusimicrobia_bacterium_GWA2_69_24_Elusimicrobia,1797927,Elusimicrobia bacterium GWA2_69_24,,
Elusimicrobia_bacterium_RIFOXYA2_FULL_40_6_Elusimicrobia,1797958,Elusimicrobia bacterium RIFOXYA2_FULL_40_6,,
Elusimicrobia_bacterium_RIFOXYA2_FULL_47_53_Elusimicrobia,1797959,Elusimicrobia bacterium RIFOXYA2_FULL_47_53,,
Elusimicrobia_bacterium_RIFOXYA12_FULL_49_49_Elusimicrobia,1797954,Elusimicrobia bacterium RIFOXYA12_FULL_49_49,,
Elusimicrobia_bacterium_RIFOXYB1_FULL_48_9_Elusimicrobia,1797964,Elusimicrobia bacterium RIFOXYB1_FULL_48_9,,
Elusimicrobia_bacterium_RIFOXYB2_FULL_46_23_Elusimicrobia,1797966,Elusimicrobia bacterium RIFOXYB2_FULL_46_23,,
Elusimicrobia_bacterium_RIFOXYB2_FULL_48_7_Elusimicrobia,1797967,Elusimicrobia bacterium RIFOXYB2_FULL_48_7,,
Elusimicrobia_bacterium_RIFOXYB12_FULL_50_12_Elusimicrobia,1797965,Elusimicrobia bacterium RIFOXYB12_FULL_50_12,,
Ethanoligenens_harbinense_YUAN-3_chromosome_Firmicutes-Clostridia,663278,Ethanoligenens harbinense YUAN-3,,
Gammaproteobacteria_bacterium_isolate_NP949_Gammaproteobacteria,1913989,Gammaproteobacteria bacterium,,
Geoalkalibacter_ferrihydriticus_DSM_17813_Deltaproteobacteria,1121915,Geoalkalibacter ferrihydriticus DSM 17813,,
Geoalkalibacter_ferrihydriticus_DSM_17813_Deltaproteobacteria,1121915,Geoalkalibacter ferrihydriticus DSM 17813,,
Geobacter_anodireducens_SD-1_Deltaproteobacteria,1340425,Geobacter anodireducens,,
Geobacter_argillaceus_ATCC_BAA-1139_Deltaproteobacteria,345631,Geobacter argillaceus,,
Geobacter_bemidjiensis_Bem_Deltaproteobacteria,225194,Geobacter bemidjiensis,,
Geobacter_bremensis_R1_Deltaproteobacteria,60035,Geobacter bremensis,,
Geobacter_daltonii_Deltaproteobacteria,1203471,Geobacter daltonii,,
Geobacter_metallireducens_GS-15_Deltaproteobacteria,28232,Geobacter metallireducens,,
Geobacter_metallireducens_RCH3_Deltaproteobacteria,28232,Geobacter metallireducens,,
Geobacter_pickeringii_G13_Deltaproteobacteria,345632,Geobacter pickeringii,,
Geobacter_pickeringii_G13_DSM_17153_Deltaproteobacteria,345632,Geobacter pickeringii,,
Geobacter_soli_GSS01_Deltaproteobacteria,1510391,Geobacter soli,,
Geobacter_sp._M18_Deltaproteobacteria,443143,Geobacter sp. M18,,
Geobacter_sp._M21_Deltaproteobacteria,443144,Geobacter sp. M21,,
Geobacter_sp._OR-1_Deltaproteobacteria,1266765,Geobacter sp. OR-1,,
Geobacter_sulfurreducens_AM-1_Deltaproteobacteria,35554,Geobacter sulfurreducens,,
Geobacter_sulfurreducens_KN400_Deltaproteobacteria,35554,Geobacter sulfurreducens,,
Geobacter_sulfurreducens_PCA_Deltaproteobacteria,35554,Geobacter sulfurreducens,,
Geobacter_uraniumreducens_Rf4_Deltaproteobacteria,351604,Geobacter uraniireducens,,
Geopsychrobacter_electrodiphilus_DSM_16401_Deltaproteobacteria,225196,Geopsychrobacter electrodiphilus ,,
Ignavibacteria_bacterium_RIFOXYA2_FULL_35_10_Chlorobi,1798441,Ignavibacteria bacterium RIFOXYA2_FULL_35_10,,
Kosmotoga_pacifica_SLHLJ1_Thermotogae,1330330,Kosmotoga pacifica,,
Lentisphaerae_bacterium_GWF2_57_35_Lentisphaerae,1798576,Lentisphaerae bacterium GWF2_57_35,,
Lentisphaerae_bacterium_RIFOXYA12_64_32_Lentisphaerae,1798577,Lentisphaerae bacterium RIFOXYA12_64_32,,
Lentisphaerae_bacterium_RIFOXYA12_FULL_48_11_Lentisphaerae,1798578,Lentisphaerae bacterium RIFOXYA12_FULL_48_11,,
Lentisphaerae_bacterium_RIFOXYB12_FULL_65_16_Lentisphaerae,1798581,Lentisphaerae bacterium RIFOXYB12_FULL_65_16,,
Lentisphaerae_bacterium_RIFOXYC12_FULL_60_16_Lentisphaerae,1798582,Lentisphaerae bacterium RIFOXYC12_FULL_60_16,,
Marinilabilia_salmonicolor_MSL42_Bacteroidetes,1797675,Chloroflexi bacterium RIFOXYD12_FULL_57_15,,
Methanocella_paludicola_SANAE_Methanomicrobia,570267,Methanocella paludicola,,
Methanocella_sp._RC-I_Methanomicrobia,570266,Methanocella,,
Methanococcoides_methylutens_DSM_2657__Methanomicrobia,2226,Methanococcoides methylutens,,
Methanocorpusculum_bavaricum_DSM_4179_Methanomicrobia,71518,Methanocorpusculum bavaricum,,
Methanofollis_liminatans_GKZPZ_DSM_4140_Methanomicrobia,2201,Methanofollis liminatans ,,
Methanolobus_profundi_Mob_M_Methanomicrobia,487685,Methanolobus profundi,,
Methanolobus_psychrophilus_R15_Methanomicrobia,420950,Methanolobus psychrophilus,,
Methanolobus_tindarius_DSM_2278_Methanomicrobia,1090322,Methanolobus tindarius DSM 2278,,
Methanolobus_vulcani_PL_12M_Methanomicrobia,38026,Methanolobus vulcani,,
Methanomassiliicoccales_archaeon_RumEn_M1_Ga0117923_Thermoplasmata,1797675,Chloroflexi bacterium RIFOXYD12_FULL_57_15,,
Methanomassiliicoccus_luminyensis_B10_Thermoplasmata,1080712,Methanomassiliicoccus luminyensis,,
Methanomethylovorans_hollandica_DSM_15978_Methanomicrobia,101192,Methanomethylovorans hollandica ,,
Methanoregula_formicicum_SMSP_Methanomicrobia,882104,Methanoregula formicica,,
Methanoregulaceae_archaeon_JGI_M3C4D3-001-G22_Methanomicrobia,2012784,Methanoregulaceae archaeon JGI M3C4D3-001-G22,,
Methanospirillum_hungatei_JF-1_Methanomicrobia,323259,Methanospirillum hungatei JF-1,,
Natronincola_peptidivorans_DSM_18979_Firmicutes-Clostridia,1122597,Natronincola peptidivorans DSM 18979,,
Nitrospina_AB-629-B06_Nitrospina,1131270,Nitrospina sp. AB-629-B06,,
Nitrospina_SCGC_AAA288-L16_Nitrospina,913337,Nitrospina sp. SCGC AAA288-L16,,
Nitrospira_bacterium_SG8_3_2_Nitrospirae,2026887,Nitrospirae bacterium,,
Nitrospira_bacterium_SG8_3_Nitrospirae,1704023,Nitrospira bacterium SG8_3,,
Nitrospira_bacterium_SG8_35_1_Nitrospirae,1704024,Nitrospira bacterium SG8_35_1,,
Nitrospirae_bacterium_GWC2_56_14_2_Nitrospirae,2026887,Nitrospirae bacterium,,
Nitrospirae_bacterium_GWC2_56_14_Nitrospirae,1801696,Nitrospirae bacterium GWC2_56_14,,
Nitrospirae_bacterium_GWF2_44_13_Nitrospirae,1801702,Nitrospirae bacterium GWF2_44_13,,
Nitrospirae_bacterium_RBG_19FT_COMBO_55_12_Nitrospirae,1801710,Nitrospirae bacterium RBG_19FT_COMBO_55_12,,
Nitrospirae_bacterium_RIFOXYA2_FULL_44_9_Nitrospirae,1801719,Nitrospirae bacterium RIFOXYA2_FULL_44_9,,
Nitrospirae_bacterium_RIFOXYB2_FULL_43_5_partialB_Nitrospirae,1801720,Nitrospirae bacterium RIFOXYB2_FULL_43_5,,
OMZ_North_Pacific_GP0053648_LPjun08P16500mDRAFT_Nitrospina,408172,marine metagenome,,
OMZ_North_Pacific_GP0053648_LPjun08P41300mDRAFT_Nitrospina,408172,marine metagenome,,
Pelobacter_seleniigenes_DSM_18267_Deltaproteobacteria,1122946,Pelobacter seleniigenes DSM 18267,,
Pelobacteraceae_bacterium_GWC2_58_13_Deltaproteobacteria,1801896,Desulfuromonadaceae bacterium GWC2_58_13,,
Phycisphaerae_bacterium_SG8_4_Planctomycetes,1703409,Phycisphaerae bacterium SG8_4,,
Pyrococcus_furiosus_COM1_Thermococci,2261,Pyrococcus furiosus ,,
Pyrococcus_furiosus_DSM_3638_Thermococci,2261,Pyrococcus furiosus ,,
Smithella_sp._F21_Deltaproteobacteria,1538640,Smithella sp. F21,,
Spirochaeta_sp._JC202_Spirochaetes,1329640,Alkalispirochaeta odontotermitis,,
Spirochaetes_bacterium_GWB1_27_13_Spirochaetes,1802173,Spirochaetes bacterium GWB1_27_13,,
Spirochaetes_bacterium_GWB1_36_13_Spirochaetes,1802174,Spirochaetes bacterium GWB1_36_13,,
Spirochaetes_bacterium_GWB1_60_80_Spirochaetes,1802177,Spirochaetes bacterium GWB1_60_80,,
Spirochaetes_bacterium_GWB1_66_5_Spirochaetes,1802178,Spirochaetes bacterium GWB1_66_5,,
Spirochaetes_bacterium_GWE2_31_10_Spirochaetes,1802186,Spirochaetes bacterium GWE2_31_10,,
Spirochaetes_bacterium_GWF1_31_7_Spirochaetes,1802187,Spirochaetes bacterium GWF1_31_7,,
Spirochaetes_bacterium_GWF1_41_5_Spirochaetes,1802188,Spirochaetes bacterium GWF1_41_5,,
Spirochaetes_bacterium_GWF1_49_6_Spirochaetes,1802189,Spirochaetes bacterium GWF1_49_6,,
Spirochaetes_bacterium_GWF1_51_8_Spirochaetes,1802190,Spirochaetes bacterium GWF1_51_8,,
Spirochaetes_bacterium_GWF1_60_12_Spirochaetes,1802191,Spirochaetes bacterium GWF1_60_12,,
Spirochaetes_bacterium_RBG_16_49_21_Spirochaetes,1802195,Spirochaetes bacterium RBG_16_49_21,,
Spirochaetes_bacterium_RBG_16_67_19_Spirochaetes,1802196,Spirochaetes bacterium RBG_16_67_19,,
Spirochaetes_bacterium_RIFOXYB1_FULL_32_8_Spirochaetes,1802197,Spirochaetes bacterium RIFOXYB1_FULL_32_8,,
Spirochaetes_bacterium_RIFOXYC1_FULL_54_7_Spirochaetes,1802198,Spirochaetes bacterium RIFOXYC1_FULL_54_7,,
Streptomyces_sp._CNQ-509_Actinobacteria,444103,Streptomyces sp. CNQ-509,,
Syntrophobacterales_bacterium_GWC2_56_13_Deltaproteobacteria,1802287,Syntrophobacterales bacterium GWC2_56_13,,
Syntrophobacterales_bacterium_RBG_19FT_COMBO_59_10_Deltaproteobacteria,1802289,Syntrophobacterales bacterium RBG_19FT_COMBO_59_10,,
Syntrophobotulus_glycolicus_DSM_8271_Firmicutes-Clostridia,51197,Syntrophobotulus glycolicus ,,
Syntrophorhabdus_aromaticivorans_UI_Deltaproteobacteria,909663,Syntrophorhabdus aromaticivorans UI,,
Syntrophus_aciditrophicus_SB_Deltaproteobacteria,56780,Syntrophus aciditrophicus SB,,
Syntrophus_gentianae_DSM_8423_Deltaproteobacteria,43775,Syntrophus gentianae,,
Syntrophus_sp._G20_Deltaproteobacteria,1578174,Syntrophus sp. G20,,
Syntrophus_sp._G20_Ga0063310_Deltaproteobacteria,1578174,Syntrophus sp. G20,,
Theionarchaea_archaeon_DG-70-1_Theionarchaea,1803814,Theionarchaea archaeon DG-70-1,,
Thermococcus_sp._EP1_Thermococci,1591054,Thermococcus sp. EP1,,
Thermosulfurimonas_dismutans_Thermodesulfobacteria,999894,Thermosulfurimonas dismutans,,
Treponema_sp._GWA1_62_8_Spirochaetes,1802378,Treponema sp. GWA1_62_8,,
Treponema_sp._GWB1_62_6_Spirochaetes,1802379,Treponema sp. GWB1_62_6,,
uncultured_Desulfarculaceae_191_Deltaproteobacteria,860782,uncultured Desulfarculaceae bacterium,,